{
  "name": "KS Language",
  "scopeName": "source.ks",
  "fileTypes": ["ks"],
  "patterns": [
    {
      "name": "keyword.command.ks",
      "match": "\\b(import|export|ks|run|delete|rename|hide|unhide|list commands|check files)\\b"
    },
    {
      "name": "constant.numeric.ks",
      "match": "\\b\\d+\\b"
    },
    {
      "name": "string.quoted.double.ks",
      "begin": "\"",
      "end": "\""
    },
    {
      "name": "comment.line.ks",
      "begin": "#",
      "end": "$"
    }
  ],
  "repository": {},
  "scopeName": "source.ks"
}
